train_loss↓_step,train_loss↓,train_loss↓_epoch,eval_loss↓,test_loss↓,test_elbo↑,test_marginal_log_likelihood↑,test_mean_fit_mae↓,test_mean_fit_rmse↓,test_variance_fit_mae↓,test_variance_fit_rmse↓,test_sample_fit_mae↓,test_sample_fit_rmse↓,test_expected_log_likelihood↑,test_kl_divergence↓,noise_mean_uncertainty↑,noise_kl_divergence↓
0.6141918897628784,0.6141918897628784,0.6141918897628784,1.368945837020874,1.0044444799423218,-1.0044444799423218,-687.6478271484375,0.08670126646757126,0.1264485865831375,1.0527496337890625,1.1927024126052856,0.7528620958328247,1.0446852445602417,-0.7459636330604553,0.25848090648651123,1.2105491161346436,0.08553639054298401
,,,,,,,,,,,,,,,,
0.6141918897628784,0.6141918897628784,0.6141918897628784,1.368945837020874,1.0044444799423218,-1.0044444799423218,-687.6478271484375,0.08670126646757126,0.1264485865831375,1.0527496337890625,1.1927024126052856,0.7528620958328247,1.0446852445602417,-0.7459636330604553,0.25848090648651123,1.2105491161346436,0.08553639054298401
,,,,,,,,,,,,,,,,
