train_loss↓_step,train_loss↓,train_loss↓_epoch,eval_loss↓,test_loss↓,test_elbo↑,test_marginal_log_likelihood↑,test_mean_fit_mae↓,test_mean_fit_rmse↓,test_variance_fit_mae↓,test_variance_fit_rmse↓,test_sample_fit_mae↓,test_sample_fit_rmse↓,test_expected_log_likelihood↑,test_kl_divergence↓,noise_mean_uncertainty↑,noise_kl_divergence↓
1.2270830869674683,1.2270830869674683,1.2270830869674683,1.3733738660812378,1.0080432891845703,-1.0080432891845703,-683.9656982421875,0.08670126646757126,0.1264485865831375,1.0379596948623657,1.1786249876022339,0.707942008972168,0.9802474975585938,-0.7412185072898865,0.2668248414993286,0.90403813123703,0.24966777861118317
,,,,,,,,,,,,,,,,
1.2270830869674683,1.2270830869674683,1.2270830869674683,1.3733738660812378,1.0080432891845703,-1.0080432891845703,-683.9656982421875,0.08670126646757126,0.1264485865831375,1.0379596948623657,1.1786249876022339,0.707942008972168,0.9802474975585938,-0.7412185072898865,0.2668248414993286,0.90403813123703,0.24966777861118317
,,,,,,,,,,,,,,,,
