train_loss↓_step,train_loss↓,train_loss↓_epoch,eval_loss↓,test_loss↓,test_elbo↑,test_marginal_log_likelihood↑,test_mean_fit_mae↓,test_mean_fit_rmse↓,test_variance_fit_mae↓,test_variance_fit_rmse↓,test_sample_fit_mae↓,test_sample_fit_rmse↓,test_expected_log_likelihood↑,test_kl_divergence↓,noise_mean_uncertainty↑,noise_kl_divergence↓
0.37073203921318054,0.37073203921318054,0.37073203921318054,1.365921139717102,1.012087106704712,-1.012087106704712,-784.0802612304688,0.08670126646757126,0.1264485865831375,1.5940583944320679,1.7654578685760498,0.895460844039917,1.2937730550765991,-0.8584167957305908,0.15367040038108826,1.5456169843673706,0.022100092843174934
,,,,,,,,,,,,,,,,
0.37073203921318054,0.37073203921318054,0.37073203921318054,1.365921139717102,1.012087106704712,-1.012087106704712,-784.0802612304688,0.08670126646757126,0.1264485865831375,1.5940583944320679,1.7654578685760498,0.895460844039917,1.2937730550765991,-0.8584167957305908,0.15367040038108826,1.5456169843673706,0.022100092843174934
,,,,,,,,,,,,,,,,
